{"cameraMode":{"drawMode":0,"name":"Shaded","section":"Shading Mode"},"sceneLighting":true,"audioPlay":false,"sceneViewState":{"showFog":true,"showMaterialUpdate":true,"showSkybox":true,"showFlares":true,"showImageEffects":true,"showParticleSystems":true},"in2DMode":false,"pivot":{"x":1.5270521640777588,"y":0.7313022613525391,"z":-4.780693054199219},"rotation":{"x":0.2686999440193176,"y":-0.09142960608005524,"z":0.025630038231611253,"w":0.9585322737693787},"size":12.871230125427246,"orthographic":false}